<soapenv:Envelope
	xmlns:soapenv="http://schemas.xmlsoap.org/soap/envelope/"
	xmlns:ws="http://ws.gateway.common.pru.com/">
	<soapenv:Header />
	<soapenv:Body>
		<ws:process>
			<!--Optional: -->
			<ws:arg0>
				<![CDATA[
				<?xml version="1.0" encoding="UTF-8"?>
				<Message>
					<Header>
						<RefNo>mbc_141971918236</RefNo>
						<SourceChannel>MobileCustomer</SourceChannel>
						<TargetChannel>CMService</TargetChannel>
						<InterfaceName>download_document</InterfaceName>
						<ReqTxnDt>20210316145501</ReqTxnDt>
						<Signature></Signature>
					</Header>
					<Body>
						<Doc_Ref_ID>D956529AF4734B08884F6E43A364C272</Doc_Ref_ID>
					</Body>
				</Message>
				]]>
			</ws:arg0>
		</ws:process>
	</soapenv:Body>
</soapenv:Envelope>
