<soapenv:Envelope xmlns:soapenv="http://schemas.xmlsoap.org/soap/envelope/" xmlns:ws="http://ws.gateway.common.pru.com/">
	<soapenv:Header />
	<soapenv:Body>
		<ws:process>
			<!--Optional: -->
			<ws:arg0>
			<![CDATA[<?xml version="1.0" encoding="UTF-8"?>
			<Message>
				<Header>
					<RefNo>20210719102637847306</RefNo>
					<SourceChannel>OMS</SourceChannel>
					<TargetChannel>CoreServiceV3</TargetChannel>
					<InterfaceName>OMS_GET_TB6_DETAIL</InterfaceName>
					<ReqTxnDt>20210719102637</ReqTxnDt>
					<Signature></Signature>
				</Header>
				<Body>
					<REQ_LOANID>10001892, 10008322, 10012358</REQ_LOANID>
				</Body>
			</Message>]]>

			</ws:arg0>
		</ws:process>
	</soapenv:Body>
</soapenv:Envelope>
