<soapenv:Envelope xmlns:soapenv="http://schemas.xmlsoap.org/soap/envelope/" xmlns:ws="http://ws.gateway.common.pru.com/">
	<soapenv:Header />
	<soapenv:Body>
		<ws:process>
			<!--Optional: -->
			<ws:arg0>
			<![CDATA[<?xml version="1.0" encoding="UTF-8"?>
			<Message>
				<Header>
					<RefNo>20210428145540445604</RefNo>
					<SourceChannel>CMWeb</SourceChannel>
					<TargetChannel>CMService</TargetChannel>
					<InterfaceName>search_document</InterfaceName>
					<ReqTxnDt>20210428145540</ReqTxnDt>
					<Signature></Signature>
				</Header>
				<Body>
					<AppFrmNo></AppFrmNo>
					<LoanAgrNo>100236467</LoanAgrNo>
					<CIF></CIF>
					<CustID></CustID>
					<DocID></DocID>
					<AppRefNo></AppRefNo>
				</Body>
			</Message>
			]]>
			</ws:arg0>
		</ws:process>
	</soapenv:Body>
</soapenv:Envelope>
