<Message>
	<Header>
		<RefNo>20210719152751456271</RefNo>
		<SourceChannel>OMS</SourceChannel>
		<TargetChannel>CoreServiceV3</TargetChannel>
		<InterfaceName>OMS_GET_TB6_DETAIL</InterfaceName>
		<ReqTxnDt>20210719153054</ReqTxnDt>
		<Signature></Signature>
	</Header>
	<Body>
		<ELEMENTS>
			<ELEMENT>
				<CIF>0000001890</CIF>
				<LOAN_ID>10001892</LOAN_ID>
				<CUST_NAME>NGUYỄN THỊ THANH PHƯƠNG</CUST_NAME>
				<PRINCIPAL>36237000</PRINCIPAL>
				<TOTAL_TO_PAY />
				<TOTAL_PMT_RECEIVED>21770200</TOTAL_PMT_RECEIVED>
				<INT>11479000</INT>
				<LPP>210569188.98</LPP>
				<ODF>0</ODF>
				<TOTAL_WAIVE_OFF>222048188.98</TOTAL_WAIVE_OFF>
				<TERM_STATUS />
				<LAST_DUE_DATE>05-Nov-2010 00:00:00</LAST_DUE_DATE>
				<WAIVE_OFF>
				</WAIVE_OFF>
				<REPAYMENT_AMOUNT>0</REPAYMENT_AMOUNT>
				<PL_EARLY_SETTLE>0</PL_EARLY_SETTLE>
			</ELEMENT>
			<ELEMENT>
				<CIF>0000008388</CIF>
				<LOAN_ID>10008322</LOAN_ID>
				<CUST_NAME>BÙI MINH CHÍ</CUST_NAME>
				<PRINCIPAL>17286300</PRINCIPAL>
				<TOTAL_TO_PAY />
				<TOTAL_PMT_RECEIVED>16755000</TOTAL_PMT_RECEIVED>
				<INT>5793000</INT>
				<LPP>117787613.3</LPP>
				<ODF>0</ODF>
				<TOTAL_WAIVE_OFF>123580613.3</TOTAL_WAIVE_OFF>
				<TERM_STATUS />
				<LAST_DUE_DATE>01-Mar-2011 00:00:00</LAST_DUE_DATE>
				<WAIVE_OFF>
				</WAIVE_OFF>
				<REPAYMENT_AMOUNT>0</REPAYMENT_AMOUNT>
				<PL_EARLY_SETTLE>0</PL_EARLY_SETTLE>
			</ELEMENT>
			<ELEMENT>
				<CIF>0000012520</CIF>
				<LOAN_ID>10012358</LOAN_ID>
				<CUST_NAME>LÊ NIỆM</CUST_NAME>
				<PRINCIPAL>33140300</PRINCIPAL>
				<TOTAL_TO_PAY />
				<TOTAL_PMT_RECEIVED>3347000</TOTAL_PMT_RECEIVED>
				<INT>12579500</INT>
				<LPP>180760564.34</LPP>
				<ODF>0</ODF>
				<TOTAL_WAIVE_OFF>193340064.34</TOTAL_WAIVE_OFF>
				<TERM_STATUS />
				<LAST_DUE_DATE>01-Apr-2011 00:00:00</LAST_DUE_DATE>
				<WAIVE_OFF>
				</WAIVE_OFF>
				<REPAYMENT_AMOUNT>0</REPAYMENT_AMOUNT>
				<PL_EARLY_SETTLE>0</PL_EARLY_SETTLE>
			</ELEMENT>
		</ELEMENTS>
		<Result_Code>00000</Result_Code>
		<Result_Msg>SUCCESS</Result_Msg>
	</Body>
</Message>